Ball,Condition,Ball_Speed_mph,Carry_yd,Total_yd,Spin_rpm
"Amazon Basics",7 Iron Fast,124.11,181.98,191.59,5986
"Amazon Basics",7 Iron Mid,112.34,158.77,169.12,6001
"Amazon Basics",Driver Fast,165.24,269.98,303.07,2002
"Amazon Basics",Driver Mid,147.04,248.97,282.57,2291
"Amazon Basics",Wedge 35,43.27,36.79,43.32,4019
"Amazon Basics",Wedge Full (Dry),81.92,99.05,104.71,7567
"Bridgestone e12 Straight",7 Iron Fast,123.98,182.57,192.54,6172
"Bridgestone e12 Straight",7 Iron Mid,112.37,159.2,169.45,5605
"Bridgestone e12 Straight",Driver Fast,166.36,275.68,308.84,2041
"Bridgestone e12 Straight",Driver Mid,147.65,251.34,284.53,2390
"Bridgestone e12 Straight",Wedge 35,42.7,35.74,41.99,4344
"Bridgestone e12 Straight",Wedge Full (Dry),82.01,99.27,104.62,8077
"Bridgestone Tour B RX",7 Iron Fast,123.56,187.47,199.62,5920
"Bridgestone Tour B RX",7 Iron Mid,111.93,157.87,167.25,5700
"Bridgestone Tour B RX",Driver Fast,167.91,280.61,311.24,2326
"Bridgestone Tour B RX",Driver Mid,148.55,253.99,283.85,2769
"Bridgestone Tour B RX",Wedge 35,42.66,34.75,41.27,5545
"Bridgestone Tour B RX",Wedge Full (Dry),82.83,100.59,104.99,10275
"Bridgestone Tour B RXS",7 Iron Fast,124.05,183.68,192.71,6082
"Bridgestone Tour B RXS",7 Iron Mid,112.27,161.31,172.61,5541
"Bridgestone Tour B RXS",Driver Fast,166.58,274.24,307.17,2180
"Bridgestone Tour B RXS",Driver Mid,147.77,254.15,286.44,2563
"Bridgestone Tour B RXS",Wedge 35,43.23,35.4,42.08,5848
"Bridgestone Tour B RXS",Wedge Full (Dry),83.74,101.98,106.33,10207
"Bridgestone Tour B X",7 Iron Fast,123.92,181.64,190.97,6271
"Bridgestone Tour B X",7 Iron Mid,112.19,156.89,165.37,6072
"Bridgestone Tour B X",Driver Fast,168.9,291.47,326.48,2346
"Bridgestone Tour B X",Driver Mid,149.32,259.1,290.32,2823
"Bridgestone Tour B X",Wedge 35,42.63,34.59,41.16,5754
"Bridgestone Tour B X",Wedge Full (Dry),82.77,100.53,104.84,10307
"Bridgestone Tour B XS",7 Iron Fast,124.1,182.15,191.4,6539
"Bridgestone Tour B XS",7 Iron Mid,112.08,159.23,170,6117
"Bridgestone Tour B XS",Driver Fast,168.17,287.55,319.36,2377
"Bridgestone Tour B XS",Driver Mid,148.77,258.5,289.04,2779
"Bridgestone Tour B XS",Wedge 35,42.87,35.1,41.66,5617
"Bridgestone Tour B XS",Wedge Full (Dry),83.01,100.8,105.06,10489
"Callaway Chrome Soft",7 Iron Fast,124.24,183.9,193.82,6006
"Callaway Chrome Soft",7 Iron Mid,112.2,164.17,177.02,5600
"Callaway Chrome Soft",Driver Fast,168.45,284.78,315.87,2210
"Callaway Chrome Soft",Driver Mid,149.04,258.36,289.67,2588
"Callaway Chrome Soft",Wedge 35,42.97,35.35,41.84,5469
"Callaway Chrome Soft",Wedge Full (Dry),83.37,101.17,105.43,10338
"Callaway Chrome Tour",7 Iron Fast,124.12,185.75,196.42,6183
"Callaway Chrome Tour",7 Iron Mid,112.23,160.14,171,5943
"Callaway Chrome Tour",Driver Fast,169.55,288.12,319.98,2278
"Callaway Chrome Tour",Driver Mid,149.56,255.93,285.92,2723
"Callaway Chrome Tour",Wedge 35,42.46,34.82,41.09,5167
"Callaway Chrome Tour",Wedge Full (Dry),83.01,100.54,104.76,10563
"Callaway Chrome Tour Triple Diamond",7 Iron Fast,124.28,183.38,192.35,6308
"Callaway Chrome Tour Triple Diamond",7 Iron Mid,112.18,161.11,171.46,6128
"Callaway Chrome Tour Triple Diamond",Driver Fast,170.51,291.65,326.69,2315
"Callaway Chrome Tour Triple Diamond",Driver Mid,150.32,260.33,291.82,2771
"Callaway Chrome Tour Triple Diamond",Wedge 35,42.31,34.69,40.99,5021
"Callaway Chrome Tour Triple Diamond",Wedge Full (Dry),82.11,99.65,104.26,9621
"Callaway Chrome Tour X",7 Iron Fast,124.59,181.6,190.17,6885
"Callaway Chrome Tour X",7 Iron Mid,112.47,154.68,163.11,6494
"Callaway Chrome Tour X",Driver Fast,170.81,288.07,318.18,2458
"Callaway Chrome Tour X",Driver Mid,150.45,261.66,290.42,2968
"Callaway Chrome Tour X",Wedge 35,42.79,34.64,41.23,5992
"Callaway Chrome Tour X",Wedge Full (Dry),82.94,100.06,104.11,10870
"Callaway Supersoft",7 Iron Fast,124.14,184.56,194.72,5766
"Callaway Supersoft",7 Iron Mid,112.59,162.2,173.89,5540
"Callaway Supersoft",Driver Fast,164.56,271.05,304.6,1926
"Callaway Supersoft",Driver Mid,146.62,250.88,285.57,2199
"Callaway Supersoft",Wedge 35,43.31,36.89,43.38,4002
"Callaway Supersoft",Wedge Full (Dry),82.17,99.39,105.01,7661
"Kirkland Performance+ White",7 Iron Fast,123.85,180.85,190.29,6528
"Kirkland Performance+ White",7 Iron Mid,111.94,156.72,167.1,6200
"Kirkland Performance+ White",Driver Fast,169.14,285.72,317.71,2391
"Kirkland Performance+ White",Driver Mid,149.42,253.29,283.13,2785
"Kirkland Performance+ White",Wedge 35,42.24,35.03,41.33,4324
"Kirkland Performance+ White",Wedge Full (Dry),82.06,99.64,104.21,9611
"Kirkland Performance+ Yellow",7 Iron Fast,123.89,182.46,191.59,6718
"Kirkland Performance+ Yellow",7 Iron Mid,112.21,155.31,164.56,6523
"Kirkland Performance+ Yellow",Driver Fast,169.22,290.69,321.11,2473
"Kirkland Performance+ Yellow",Driver Mid,149.41,256.59,284.12,2839
"Kirkland Performance+ Yellow",Wedge 35,42.23,34.84,41.12,4599
"Kirkland Performance+ Yellow",Wedge Full (Dry),81.81,99.17,103.67,9688
"Maxfli Tour",7 Iron Fast,123.93,185.55,196.44,6105
"Maxfli Tour",7 Iron Mid,111.89,154.77,163.76,5976
"Maxfli Tour",Driver Fast,168.68,284.14,314,2286
"Maxfli Tour",Driver Mid,148.78,256.27,287.33,2742
"Maxfli Tour",Wedge 35,42.83,35.02,41.53,5630
"Maxfli Tour",Wedge Full (Dry),82.83,100.28,104.5,10518
"Maxfli Tour S",7 Iron Fast,123.75,183.11,193.28,6037
"Maxfli Tour S",7 Iron Mid,111.8,159.63,169.94,5702
"Maxfli Tour S",Driver Fast,167.73,281.37,313.87,2203
"Maxfli Tour S",Driver Mid,148.44,253.63,285.21,2616
"Maxfli Tour S",Wedge 35,42.98,35.33,41.81,5513
"Maxfli Tour S",Wedge Full (Dry),83.14,100.83,105.07,10343
"Maxfli Tour X",7 Iron Fast,124.5,183.67,193.2,6557
"Maxfli Tour X",7 Iron Mid,112.49,153.11,160.65,6071
"Maxfli Tour X",Driver Fast,170.32,291.18,320.62,2294
"Maxfli Tour X",Driver Mid,150.1,260.95,290.77,2778
"Maxfli Tour X",Wedge 35,42.75,34.79,41.23,5850
"Maxfli Tour X",Wedge Full (Dry),82.99,100.07,104.15,10723
"Maxfli Tour X LS",7 Iron Fast,123.38,181.28,190.86,6479
"Maxfli Tour X LS",7 Iron Mid,111.53,157.91,168.68,6277
"Maxfli Tour X LS",Driver Fast,168.84,291.02,322.35,2469
"Maxfli Tour X LS",Driver Mid,149.01,257.28,286.76,2789
"Maxfli Tour X LS",Wedge 35,42.42,34.47,40.71,5693
"Maxfli Tour X LS",Wedge Full (Dry),82.28,99.41,103.62,10559
"Mizuno Pro S",7 Iron Fast,123.33,186.11,197.23,6092
"Mizuno Pro S",7 Iron Mid,111.89,156.67,165.43,5945
"Mizuno Pro S",Driver Fast,168.71,288.87,324.54,2323
"Mizuno Pro S",Driver Mid,148.79,255.74,286.79,2806
"Mizuno Pro S",Wedge 35,42.12,34.47,40.77,4839
"Mizuno Pro S",Wedge Full (Dry),82.07,99.62,104,10116
"Mizuno Pro X",7 Iron Fast,123.49,181.08,190.57,6625
"Mizuno Pro X",7 Iron Mid,111.52,157.3,167.02,6283
"Mizuno Pro X",Driver Fast,170.15,290.01,318.76,2428
"Mizuno Pro X",Driver Mid,149.89,259.53,288.45,2967
"Mizuno Pro X",Wedge 35,42.52,34.65,41.22,5450
"Mizuno Pro X",Wedge Full (Dry),82.51,99.62,103.8,10606
"PXG Xtreme Tour",7 Iron Fast,124.3,182.47,191.76,6328
"PXG Xtreme Tour",7 Iron Mid,112.35,157.6,166.78,6097
"PXG Xtreme Tour",Driver Fast,169.26,286.93,320.5,2410
"PXG Xtreme Tour",Driver Mid,149.58,254.93,283.77,2743
"PXG Xtreme Tour",Wedge 35,42.38,35.19,41.45,4329
"PXG Xtreme Tour",Wedge Full (Dry),82.19,99.87,104.45,9506
"PXG Xtreme Tour X",7 Iron Fast,124.12,179.85,188.64,6582
"PXG Xtreme Tour X",7 Iron Mid,112.09,156.12,165.25,6288
"PXG Xtreme Tour X",Driver Fast,169.66,289.47,318.87,2410
"PXG Xtreme Tour X",Driver Mid,149.7,259.81,288.78,2899
"PXG Xtreme Tour X",Wedge 35,42.62,34.92,41.33,5310
"PXG Xtreme Tour X",Wedge Full (Dry),82.67,99.86,104.01,10547
"Snell PR3",7 Iron Fast,123.8,181.35,190.88,6369
"Snell PR3",7 Iron Mid,111.99,159.35,170.41,6186
"Snell PR3",Driver Fast,169.54,294.45,322.98,2378
"Snell PR3",Driver Mid,149.81,251.91,279.17,2776
"Snell PR3",Wedge 35,41.83,34.46,40.65,4184
"Snell PR3",Wedge Full (Dry),81.35,98.74,103.67,8956
"Snell PR4",7 Iron Fast,123.35,180.85,190.87,6272
"Snell PR4",7 Iron Mid,111.66,158.02,168.17,5972
"Snell PR4",Driver Fast,168.95,294.83,323.38,2281
"Snell PR4",Driver Mid,148.96,255.88,285.14,2777
"Snell PR4",Wedge 35,42.22,34.49,40.89,5009
"Snell PR4",Wedge Full (Dry),81.94,98.88,103.11,10267
"Srixon Q-Star Tour",7 Iron Fast,123.62,182.49,192.67,6036
"Srixon Q-Star Tour",7 Iron Mid,112.03,155.69,165.37,5925
"Srixon Q-Star Tour",Driver Fast,166.57,282.55,313.56,2157
"Srixon Q-Star Tour",Driver Mid,147.67,256.99,287.85,2622
"Srixon Q-Star Tour",Wedge 35,43.08,35.4,41.94,5702
"Srixon Q-Star Tour",Wedge Full (Dry),83.01,100.62,104.87,10169
"Srixon Q-Star Ultispeed",7 Iron Fast,124.23,184.07,194.44,6213
"Srixon Q-Star Ultispeed",7 Iron Mid,112.29,158.86,169.2,5927
"Srixon Q-Star Ultispeed",Driver Fast,167.53,274.24,304.96,2202
"Srixon Q-Star Ultispeed",Driver Mid,148.45,251.31,284.51,2521
"Srixon Q-Star Ultispeed",Wedge 35,42.61,35.76,42.18,4009
"Srixon Q-Star Ultispeed",Wedge Full (Dry),81.12,98.15,104.5,6670
"Srixon Soft Feel",7 Iron Fast,123.62,181.53,190.98,6091
"Srixon Soft Feel",7 Iron Mid,112.04,161.15,171.65,5886
"Srixon Soft Feel",Driver Fast,164.93,263.49,299.33,1975
"Srixon Soft Feel",Driver Mid,146.8,245.45,281.42,2315
"Srixon Soft Feel",Wedge 35,42.97,36,42.3,4595
"Srixon Soft Feel",Wedge Full (Dry),81.63,98.65,104.16,7931
"Srixon Z-Star",7 Iron Fast,123.69,183.49,194.05,6523
"Srixon Z-Star",7 Iron Mid,111.99,156.96,166.32,6263
"Srixon Z-Star",Driver Fast,168.24,283.89,316.05,2399
"Srixon Z-Star",Driver Mid,148.81,254.09,285.67,2804
"Srixon Z-Star",Wedge 35,42.85,34.86,41.43,5871
"Srixon Z-Star",Wedge Full (Dry),83.08,100.6,104.83,10512
"Srixon Z-Star Diamond",7 Iron Fast,123.25,177.8,186.17,7015
"Srixon Z-Star Diamond",7 Iron Mid,111.57,155.99,165.28,6613
"Srixon Z-Star Diamond",Driver Fast,168.6,286.7,316.18,2508
"Srixon Z-Star Diamond",Driver Mid,149.03,257.38,286.01,2999
"Srixon Z-Star Diamond",Wedge 35,42.79,34.69,41.15,5953
"Srixon Z-Star Diamond",Wedge Full (Dry),82.6,99.47,103.52,10971
"Srixon Z-Star XV",7 Iron Fast,124.08,182.89,191.54,6524
"Srixon Z-Star XV",7 Iron Mid,112.41,158.67,169.14,6362
"Srixon Z-Star XV",Driver Fast,169.29,293.29,325.21,2471
"Srixon Z-Star XV",Driver Mid,149.61,259.06,287.07,2908
"Srixon Z-Star XV",Wedge 35,42.39,34.43,40.86,5596
"Srixon Z-Star XV",Wedge Full (Dry),82.3,99.63,103.9,10438
"TaylorMade SpeedSoft",7 Iron Fast,124.06,182.32,191.88,6017
"TaylorMade SpeedSoft",7 Iron Mid,112.44,159.51,169.76,5830
"TaylorMade SpeedSoft",Driver Fast,165.64,275.48,311.14,1914
"TaylorMade SpeedSoft",Driver Mid,147.05,250.48,285.66,2291
"TaylorMade SpeedSoft",Wedge 35,43.12,36.56,42.98,4074
"TaylorMade SpeedSoft",Wedge Full (Dry),81.4,98.53,105.24,6311
"TaylorMade Tour Response",7 Iron Fast,124.46,186.14,196.89,5681
"TaylorMade Tour Response",7 Iron Mid,112.65,159.46,170,5516
"TaylorMade Tour Response",Driver Fast,167.24,285.94,319,2055
"TaylorMade Tour Response",Driver Mid,148.27,255.21,289.01,2492
"TaylorMade Tour Response",Wedge 35,43.24,35.85,42.19,5429
"TaylorMade Tour Response",Wedge Full (Dry),83.66,101.57,105.88,10179
"TaylorMade TP5",7 Iron Fast,124.07,183.94,193.51,6674
"TaylorMade TP5",7 Iron Mid,112.06,157.38,166.85,6283
"TaylorMade TP5",Driver Fast,169.52,289.17,319.65,2439
"TaylorMade TP5",Driver Mid,149.48,258.85,288.61,2853
"TaylorMade TP5",Wedge 35,42.91,35.32,41.62,5592
"TaylorMade TP5",Wedge Full (Dry),83.21,100.39,104.43,10748
"TaylorMade TP5X",7 Iron Fast,124.14,182.99,192.23,6324
"TaylorMade TP5X",7 Iron Mid,112.01,158.87,168.93,5966
"TaylorMade TP5X",Driver Fast,168.67,283.35,314.49,2285
"TaylorMade TP5X",Driver Mid,148.54,258.73,287.51,2807
"TaylorMade TP5X",Wedge 35,42.62,34.65,41,5852
"TaylorMade TP5X",Wedge Full (Dry),82.5,99.36,103.45,10519
"Titleist AVX",7 Iron Fast,123.92,183.94,193.44,6353
"Titleist AVX",7 Iron Mid,112.17,158.32,168.22,6056
"Titleist AVX",Driver Fast,168.52,275.69,308.37,2351
"Titleist AVX",Driver Mid,149.05,253.94,288.26,2798
"Titleist AVX",Wedge 35,43.08,35.23,41.88,5773
"Titleist AVX",Wedge Full (Dry),83.44,101.28,105.53,10554
"Titleist Pro V1",7 Iron Fast,123.73,183.09,192.98,6528
"Titleist Pro V1",7 Iron Mid,111.96,158.15,168.2,6141
"Titleist Pro V1",Driver Fast,169.77,286.25,318.23,2379
"Titleist Pro V1",Driver Mid,149.76,256.96,287.79,2804
"Titleist Pro V1",Wedge 35,42.42,34.56,40.94,5443
"Titleist Pro V1",Wedge Full (Dry),82.77,100.12,104.32,10632
"Titleist Pro V1x",7 Iron Fast,123.81,179.41,187.92,6899
"Titleist Pro V1x",7 Iron Mid,111.71,158.17,168.6,6500
"Titleist Pro V1x",Driver Fast,170.01,292.08,320.38,2438
"Titleist Pro V1x",Driver Mid,149.78,260.1,287.7,2943
"Titleist Pro V1x",Wedge 35,42.67,34.45,41.04,5967
"Titleist Pro V1x",Wedge Full (Dry),82.45,99.38,103.5,10782
"Titleist Pro V1x Left Dash",7 Iron Fast,123.83,181.76,190.62,6513
"Titleist Pro V1x Left Dash",7 Iron Mid,111.89,155.44,164.2,6263
"Titleist Pro V1x Left Dash",Driver Fast,170.35,290.72,326.42,2357
"Titleist Pro V1x Left Dash",Driver Mid,150.2,258.39,288.12,2759
"Titleist Pro V1x Left Dash",Wedge 35,42.22,34.58,40.92,4997
"Titleist Pro V1x Left Dash",Wedge Full (Dry),82.03,99.56,104.06,9889
"Titleist Tour Soft",7 Iron Fast,124.22,177.87,186.07,6700
"Titleist Tour Soft",7 Iron Mid,112.29,155.73,164.77,6444
"Titleist Tour Soft",Driver Fast,168.91,283.19,312.23,2260
"Titleist Tour Soft",Driver Mid,149.53,257.34,285.16,2667
"Titleist Tour Soft",Wedge 35,42.62,35.67,41.92,4231
"Titleist Tour Soft",Wedge Full (Dry),81.67,98.65,103.9,8210
"Titleist TruFeel",7 Iron Fast,124.17,179.49,187.31,6418
"Titleist TruFeel",7 Iron Mid,112.44,154.16,163.04,5841
"Titleist TruFeel",Driver Fast,167.22,278.06,310.1,2080
"Titleist TruFeel",Driver Mid,148.39,254.64,287.58,2421
"Titleist TruFeel",Wedge 35,43.04,36.3,42.69,4283
"Titleist TruFeel",Wedge Full (Dry),82.62,99.88,104.49,9154
"Titleist Velocity",7 Iron Fast,123.8,180.11,189.01,6384
"Titleist Velocity",7 Iron Mid,111.97,156.81,166.26,5985
"Titleist Velocity",Driver Fast,168.22,274.77,307.66,2039
"Titleist Velocity",Driver Mid,148.73,255.98,289.02,2368
"Titleist Velocity",Wedge 35,42.22,35.58,42.12,3085
"Titleist Velocity",Wedge Full (Dry),80.88,97.97,104.88,6176
"Tour Edge Exotics",7 Iron Fast,123.89,185.83,196.37,5928
"Tour Edge Exotics",7 Iron Mid,112.43,158.17,168.54,5825
"Tour Edge Exotics",Driver Fast,167.93,290.35,325.93,2273
"Tour Edge Exotics",Driver Mid,148.47,252.54,285,2682
"Tour Edge Exotics",Wedge 35,42.71,35.28,41.57,5078
"Tour Edge Exotics",Wedge Full (Dry),82.85,100.67,105,10229
"Vice Pro",7 Iron Fast,124.01,183.99,194.61,5985
"Vice Pro",7 Iron Mid,112.1,159.96,171.56,5790
"Vice Pro",Driver Fast,168.2,284.03,316.72,2290
"Vice Pro",Driver Mid,148.71,253.86,286.73,2696
"Vice Pro",Wedge 35,42.67,35.19,41.5,5092
"Vice Pro",Wedge Full (Dry),83,100.54,104.79,10450
"Vice Pro Air",7 Iron Fast,123.7,181.88,191.41,5827
"Vice Pro Air",7 Iron Mid,112.05,158.74,169.29,5545
"Vice Pro Air",Driver Fast,166.47,275.33,307.01,2156
"Vice Pro Air",Driver Mid,147.52,253.12,285.44,2577
"Vice Pro Air",Wedge 35,42.92,35.38,41.8,5373
"Vice Pro Air",Wedge Full (Dry),83.12,100.84,105.13,10201
"Vice Pro Plus",7 Iron Fast,124.14,177.87,185.8,6674
"Vice Pro Plus",7 Iron Mid,112.18,158.52,166.46,6610
"Vice Pro Plus",Driver Fast,169.17,293.27,325.26,2508
"Vice Pro Plus",Driver Mid,149.36,258.07,287.39,2929
"Vice Pro Plus",Wedge 35,42.52,34.73,41.09,5531
"Vice Pro Plus",Wedge Full (Dry),82.6,99.9,104.08,10727
"Vice Tour",7 Iron Fast,123.62,176.89,184.44,6760
"Vice Tour",7 Iron Mid,111.53,157.3,167.22,6088
"Vice Tour",Driver Fast,168.05,285.27,313.27,2307
"Vice Tour",Driver Mid,148.53,256.11,286.72,2707
"Vice Tour",Wedge 35,42.58,35.44,41.73,4538
"Vice Tour",Wedge Full (Dry),81.88,98.77,103.28,9409
"Wilson Staff Model",7 Iron Fast,124.63,185.46,195.17,6282
"Wilson Staff Model",7 Iron Mid,112.49,161.14,172.14,6076
"Wilson Staff Model",Driver Fast,170.14,288.32,319.97,2324
"Wilson Staff Model",Driver Mid,150.06,258.08,289.31,2779
"Wilson Staff Model",Wedge 35,42.65,35.14,41.34,5293
"Wilson Staff Model",Wedge Full (Dry),83.17,100.43,104.54,10730
"Wilson Staff Model X",7 Iron Fast,124.89,182.03,190.97,6303
"Wilson Staff Model X",7 Iron Mid,112.81,158.4,167.64,6329
"Wilson Staff Model X",Driver Fast,170.42,291.56,327.03,2378
"Wilson Staff Model X",Driver Mid,150.53,260.1,292.27,2773
"Wilson Staff Model X",Wedge 35,42.68,35.06,41.38,5415
"Wilson Staff Model X",Wedge Full (Dry),83.28,101.06,105.31,10382
"Wilson Triad",7 Iron Fast,124.06,181.34,189.93,6268
"Wilson Triad",7 Iron Mid,112.18,156.51,166.09,6011
"Wilson Triad",Driver Fast,167.46,281.61,310.98,2260
"Wilson Triad",Driver Mid,148.11,254.75,287,2717
"Wilson Triad",Wedge 35,43.02,35.43,41.92,5408
"Wilson Triad",Wedge Full (Dry),83.38,101.31,105.59,10381