 ,Layers,Compression,Cover,Dimples,Chipping Spin,Chipping Launch, Pitch Spin,Pitch Launch,9 Iron Carry,9 Iron Distance,9I Club Speed,9I Ball Speed,9 Iron Spin ,9I Smash Factor,9 Iron Launch,7 Iron Carry,7 Iron Distance,7 Iron Club Speed,7 Iron Ball Speed,7 Iron Spin,7 Iron Smash,7 Iron Launch,4H Carry,4H Distance,4H Club speed,4H Ball Speed,4H Spin,4H Smash,4H Launch,Driver Carry,Driver Distance,Driver Club Speed,Driver Ball Speed,Driver Spin,Smash,Launch,Accuracy,Consistency,Durability,Forgiveness,Price,Link
Bigga 4 Prototype,4,N/A,Urethane,N/A,4922,24.5,7729,25,140.4,142,79,104.2,6194,1.32,16.4,166.8,171.4,84.7,118.3,5022,1.4,11.1,191.4,199.5,91,131.8,4074,1.45,8.4,220.7,233.1,95.2,140.3,2512,1.47,13.4,N/A,N/A,N/A,N/A,N/A,N/A
Bigga II Prototype,2,N/A,Urethane,N/A,4601,21.6,6968,20.9,135.1,138,78.6,101.6,6006,1.29,15.8,157.4,163.5,84,114.2,5009,1.36,11.6,175.5,186.9,91.1,126.4,4339,1.39,9.3,223.1,235.4,95.2,138.4,2157,1.46,14.8,N/A,N/A,N/A,N/A,N/A,N/A
Snyder Range Ball,2,82,Ionomer,N/A,4875,26.2,7853,28,142.6,144.2,78.5,104.3,5972,1.33,17,163.7,167.7,84.5,115.5,5023,1.37,13.4,194.4,206.9,90.4,129.7,2979,1.44,10.2,220.8,236.6,95.8,140.3,2163,1.46,13,5/10,5/10,8/10,8/10,N/A,N/A
Piss Missile,4,100,Ionmer,332,4844,28.4,8323,28.8,142.7,144.3,78.7,104.8,6109,1.33,17,168.3,172,84.2,118.5,5200,1.41,13.4,190,204.1,90.3,130.6,3094,1.45,9.6,222.2,237.7,95.5,139.3,2074,1.46,13.3,5/10,7/10,7/10,8/10,$36,PISS MISSILE
Wilson Tour Velocity Blue,2,77,Ionomer,400,5350,30.9,8340,31.3,142.3,143.9,78.6,104.2,6064,1.32,17.5,170,175.1,84.6,118.7,4827,1.4,12.2,183.5,195.5,90.7,129.5,3908,1.43,8.9,226.4,238.5,95.9,140.7,2281,1.47,13.7,8/10,9/10,6/10,8/10,$18 (15 balls),TOUR VELOCITY
Wilson Profile,2,85,Ionomer,N/A,5112,33,6604,35,142.4,143.5,78.8,104.8,6281,1.33,20.1,168.9,171.4,84.6,118.1,5386,1.4,14.7,195.4,205.4,90.9,130.9,3448,1.44,10.3,226.5,239.2,95.6,139.4,2216,1.45,14.2,6/10,8/10,5/10,7/10,$36 (36 balls),WILSON PROFILE
Parks TRX ,3,97,Urethane,332,4809,22.4,8120,23.7,141.6,143,78.3,105.4,6483,1.35,16.9,167.5,174.9,84.7,118.2,4235,1.4,10.8,192.6,204.1,90.7,131.4,3517,1.45,9.3,229,239.2,95.7,141.6,2464,1.48,16.1,7/10,6/10,8/10,6/10,$30,PARKS TRX
Taylormade TP5X ,5,110,Urethane,322,4307,23.6,7446,24.1,138.7,140.6,78,102.2,5850,1.31,17.9,167,173.5,84.5,117.7,4451,1.39,12.9,185.2,201.2,89.3,128.9,2855,1.44,9.7,226.9,239.7,95.7,139.9,2030,1.46,14.4,6/10,6/10,8/10,5/10,$58,TM TP5X
Bigga Ball,2,78,Du Pont Surlyn,352,5123,28.2,7978,27.8,140.7,142.3,78.8,103.9,6206,1.32,17.3,168.3,172.2,84.3,117.8,5142,1.4,13.4,188.5,200.3,90.5,129.8,3606,1.44,10.1,227.3,240.1,95.4,140.5,2095,1.47,14,9/10,8/10,9/10,7/10,$20,Bigga Balls Golf Balls - White (1 Dozen)
Seed SD-17,2,90,Urethane,332,5207,28.4,8344,25.7,136.7,138,78.4,101.6,6403,1.3,17.5,169.3,173.7,84.5,119.5,4970,1.41,12,190.6,198.6,90.5,129.7,3959,1.43,9,228.8,240.4,95.9,139.7,2332,1.46,13.8,5/10,6/10,9/10,6/10,$25-29,SEED SD 17
Taylormade TP5 ,5,95,Urethane,322,3873,23.3,6932,22.7,139.7,142.1,78,103.1,5764,1.32,16.6,165.7,170.4,84.5,116.7,4946,1.38,12.7,184.8,200.7,89.6,129.2,2937,1.44,9.5,229.3,240.5,96,140.5,2126,1.46,14.4,4/10,2/10,6/10,4/10,$58,TM TP5 
Seed SD-15 Country Mile,2,75,Du Pont Surlyn,355,5774,30.7,7780,29.9,141.7,142.5,78.8,104.2,6224,1.32,18.1,167,170.9,85,118.5,5197,1.39,12.3,198.1,209.9,90.6,131.8,3060,1.46,10.4,230.9,242.1,95.4,138.3,2181,1.45,15.4,7/10,9/10,8/10,8/10,$20-25,SEED SD 15
Seed SD-01 ,3,85,Urethane,332,4757,27.7,7993,26.1,142.4,144.1,78.8,104.4,5916,1.33,17.8,173.7,178.9,84.5,120.8,4669,1.43,12.4,194,206.6,90.9,131.5,3205,1.45,9.2,228.3,242.7,95.5,140.2,2070,1.47,14.1,8/10,8/10,9/10,4/10,$29-39,SEED SD 01
Maxfli Tour X LS,4,105,Urethane,336,4772,24.3,8173,26.1,141.6,143.1,78.4,103.8,5960,1.31,19,168.6,172.6,84.6,116.5,4716,1.38,13.4,193.5,206.5,91,131.2,3186,1.44,10,229.7,243.3,95.9,141.5,2196,1.48,13.7,6/10,5/10,8/10,4/10,$30-40,MAXFLI LS
Meijer,3,105,Urethane,336,4589,23.1,7556,24.3,143.8,145.6,78,105.1,5830,1.35,17.5,175,187.6,84.5,120.6,3167,1.43,11.3,190.8,211.5,90.4,133.4,2565,1.48,8.2,230.7,243.3,95.5,142.3,2311,1.49,13.9,4/10,3/10,8/10,7/10,$25,MEIJER HP
Srixon Q Star Tour ,3,73,Urethane,338,4748,22.5,6648,23.2,142,143.8,79.1,104.2,5990,1.31,17.4,170.5,176.8,84.9,119.4,4612,1.41,12.2,185.3,204.4,90.7,132.4,2916,1.48,8.5,230,243.3,95.6,141.4,1933,1.48,14.4,8/10,6/10,7/10,6/10,$40,Q STAR TOUR
Wilson Smartcore,2,105,Ionomer,432,5343,26.1,7752,26.1,145,146.5,78.5,106,6030,1.35,17.7,166.3,171.5,84.7,117.9,4828,1.39,11.4,199.9,212,90.7,134.1,3165,1.48,9.6,230.8,243.7,95.8,141.2,2169,1.47,15.1,4/10,5/10,7/10,5/10,$20 (24 balls),SMARTCORE
Wilson Chaos,2,95,Ionomer,400,5270,31.2,5883,34,140.9,142.1,78.6,103.7,6230,1.32,19.9,167.4,170.6,84.1,117.6,5261,1.4,13.5,191.7,209,89.8,131.2,2593,1.46,10.3,229.9,244.1,96,142,2179,1.48,13.3,6/10,8/10,6/10,6/10,$25 (24 balls),WILSON CHAOS
Snell Prime PR4,4,95,Urethane,332,4444,25.2,6781,24.8,140.6,142.7,78.4,103.5,5862,1.32,17.1,164.8,169,84.3,115.8,5043,1.37,13.8,191.4,205.8,89.8,130.8,2935,1.46,10.2,231,244.7,95.4,142.5,1950,1.49,14.1,5/10,5/10,7/10,3/10,$35,SNELL PR4
Seed SD-05,3,75,Urethane,332,5015,26.2,7535,26.6,143.4,145,78.5,104.3,6068,1.33,18,169.6,173.6,84.7,117.8,4903,1.39,12.8,197.3,205.6,90.5,130.6,3634,1.44,10.1,233.3,245.2,95.9,140.6,2139,1.47,15.1,7/10,6/10,9/10,5/10,$29-39,SEED SD 05
Bigga Pro,3,95,Urethane,N/A,4923,28.1,7749,26.8,143.3,145.3,78.2,104.9,5813,1.34,17.1,169.3,175.6,84.2,117.7,4297,1.4,13.6,195.2,209.8,90.3,132.4,2854,1.47,9.8,233.9,245.3,95.4,143,2208,1.5,16.3,8/10,7/10,10/10,8/10,$40,BIGGA PRO
Srixon Q Star Tour Divide,3,70,Urethane,338,4768,26.8,7738,24.4,140.6,142.2,78.8,103.4,6045,1.31,18,167.6,170.8,84.5,117.4,5353,1.39,13.9,192.7,204.3,90.3,130,3230,1.44,10.7,231.4,245.5,96,142.8,1936,1.49,13.6,9/10,8/10,9/10,7/10,$40,QST DIVIDE
Maxfli Tour S,3,85,Urethane,336,4839,23.8,6935,23.3,141.9,144.1,78.7,103.9,5675,1.32,17.4,173.1,183.3,84.9,118.8,3397,1.4,11.9,196.7,215.6,90.6,134.2,2528,1.48,8.9,229.7,245.6,95.6,141.8,1971,1.48,13.1,8/10,9/10,9/10,5/10,$30-40,MAXFLI TOUR S
Piss Missile Rainmaker,3,110,Urethane,332,4185,27.2,8341,24.3,140.9,142.9,78.5,104.8,6434,1.34,16.5,160.1,168.4,84.3,116.2,4579,1.38,12.1,176.6,196,89.6,127.9,2954,1.43,8.7,230.9,246.6,95.5,142.6,1936,1.49,13.7,4/10,3/10,1/10,4/10,$48,RAINMAKER
Callaway Chrome Tour X,4,110,Urethane,332,4559,22.3,6955,22.6,140.6,142.7,78.4,103.7,5909,1.32,16.8,166.6,171.7,84.4,117.2,4857,1.39,12.7,187.3,203.6,90.1,131.2,2998,1.46,9.3,234,247.3,95.7,143,1881,1.49,14.5,8/10,7/10,7/10,4/10,$58,CHROME TOUR X
Snell Prime PR3,3,95,Urethane,332,4045,24.5,6437,24.5,140.9,142.5,78.1,103.1,5897,1.32,18.8,170.3,173.9,84.6,117.1,4909,1.38,15.7,196.8,209.4,90.7,131.5,2924,1.45,11.4,235.1,247.9,95,142.4,1801,1.5,15.3,5/10,7/10,7/10,6/10,$35,SNELL PR3
Titleist AVX 2026,3,88,Urethane,348,4940,29.3,7672,27.3,145.3,146.5,79,106.5,6247,1.35,18.8,172.5,176.2,84.5,120.1,5072,1.42,12.3,195.9,202.4,90.7,130.7,4080,1.44,10.9,238.2,248.2,95.5,140.8,2180,1.47,16.3,4/10,6/10,6/10,7/10,$50,TITLEIST AVX
Seed SD-02,4,97,Urethane,336,5501,25.3,7912,26.4,142.8,144.4,78.1,104.9,6056,1.34,17.9,172.7,175.6,84,121,5343,1.44,13.6,198.6,206,90.9,132,3883,1.45,10.5,236.6,248.7,95.8,143.2,2132,1.49,15.6,7/10,8/10,9/10,7/10,$29-39,SEED SD 02
Callaway Chrome Soft ,3,79,Urethane,332,4450,25,7895,27.5,142.8,145.4,78.3,104.2,5564,1.33,17,168.7,175.3,84.9,117.4,4247,1.38,13.3,194.8,207.6,89.2,131.3,3068,1.47,10.5,237.3,248.8,95.4,142.9,1992,1.5,15.5,6/10,7/10,9/10,8/10,$58,CHROME SOFT
Srixon Ultispeed Line,3,92,Ionomer,338,4458,26.4,7324,24.5,136.5,139,78.1,101.1,5736,1.3,17.8,167.5,170.6,84.3,116.7,5029,1.39,14.7,195.2,207.8,90.3,130.4,2908,1.44,11.3,237,248.9,95.8,142.6,1888,1.49,15.7,7/10,9/10,5/10,8/10,$30,ULTISPEED LINE
Callaway Chrome Tour TD 2025,4,113,Urethane,332,4585,27,7755,25,141.1,142.9,78.1,104.1,6101,1.33,16.9,167.8,173.1,84.4,118,4848,1.4,13,190.1,204.4,89.3,131.3,3168,1.47,9.8,236.3,249.6,95.7,144.6,1957,1.51,14,7/10,5/10,6/10,4/10,$58,TRIPLE DIAMOND
Seed SD-X1,3,99,Urethane,318,5625,24.9,7733,25.9,146,147.6,78.9,106.3,5953,1.35,17.9,175.6,178.9,84.3,121.2,5009,1.44,13.7,200,212.1,90.8,132.4,3053,1.46,9.3,239.4,249.9,95.7,141.4,2181,1.48,16.2,9/10,10/10,9/10,6/10,$29-39,SEED SD X1
Callaway Chrome Tour ,4,91,Urethane,332,4332,23.8,6812,24.4,144.3,145.9,78.8,104.9,5896,1.33,18.4,168.5,173.2,84.9,116.7,4662,1.37,14.7,195.6,210.2,90.1,132.3,2805,1.47,10.3,240.2,251.9,95.2,143.4,1777,1.51,16.3,7/10,8/10,8/10,6/10,$58,CHROME TOUR
Maxfli Tour X,4,103,Urethane,336,5479,29.5,7959,27.3,145.5,147.1,78.5,106.1,5913,1.35,18.7,174.8,180.4,84.7,120.7,4513,1.42,12.6,196.7,212.7,90.8,133.6,2908,1.47,8.7,243.6,253.5,95.8,144.2,2311,1.5,15.4,5/10,5/10,8/10,4/10,$30-40,MAXFLI X
Maxfli Tour,3,100,Urethane,318,3775,23.3,7056,24.4,141.9,143.8,78.1,104.2,5877,1.33,17.2,168.8,173.2,84.2,117.9,4885,1.4,13.2,196.8,209.6,90.8,131.3,3019,1.45,9.7,245.3,257,95.7,144.7,2012,1.51,16,9/10,8/10,9/10,4/10,$30-40,MAXFLI TOUR